video_id,video_files
1,Dashboard_user_id_42271_NoAudio_3.MP4,Rear_view_user_id_42271_NoAudio_3.MP4,Right_side_window_user_id_42271_NoAudio_3.MP4
2,Dashboard_user_id_42271_NoAudio_4.MP4,Rear_view_user_id_42271_NoAudio_4.MP4,Right_side_window_user_id_42271_NoAudio_4.MP4
3,Dashboard_user_id_56306_NoAudio_2.MP4,Rear_view_user_id_56306_NoAudio_2.MP4,Rightside_window_user_id_56306_NoAudio_2.MP4
4,Dashboard_user_id_56306_NoAudio_3.MP4,Rear_view_user_id_56306_NoAudio_3.MP4,Rightside_window_user_id_56306_NoAudio_3.MP4
5,Dashboard_User_id_65818_NoAudio_1.MP4,Rear_view_User_id_65818_NoAudio_1.MP4,Rightside_window_User_id_65818_NoAudio_1.MP4
6,Dashboard_User_id_65818_NoAudio_2.MP4,Rear_view_User_id_65818_NoAudio_2.MP4,Rightside_window_User_id_65818_NoAudio_2.MP4
7,Dashboard_User_id_72519_NoAudio_2.MP4,Rearview_mirror_User_id_72519_NoAudio_2.MP4,Right_window_User_id_72519_NoAudio_2.MP4
8,Dashboard_User_id_72519_NoAudio_3.MP4,Rearview_mirror_User_id_72519_NoAudio_3.MP4,Right_window_User_id_72519_NoAudio_3.MP4
9,Dashboard_User_id_79336_NoAudio_0.MP4,Rear_view_User_id_79336_NoAudio_0.MP4,Rightside_window_User_id_79336_NoAudio_0.MP4
10,Dashboard_User_id_79336_NoAudio_2.MP4,Rear_view_User_id_79336_NoAudio_2.MP4,Rightside_window_User_id_79336_NoAudio_2.MP4
